{"cameraMode":{"drawMode":0,"name":"Shaded","section":"Shading Mode"},"sceneLighting":true,"audioPlay":false,"sceneViewState":{"showFog":true,"showMaterialUpdate":false,"showSkybox":true,"showFlares":true,"showImageEffects":true,"showParticleSystems":true,"showVisualEffectGraphs":true,"m_FxEnabled":true},"in2DMode":false,"pivot":{"x":39.554786682128909,"y":23.19305419921875,"z":22.462535858154298},"rotation":{"x":0.4902443289756775,"y":-0.01574501022696495,"z":0.008750595152378083,"w":0.8715223670005798},"size":39.59859085083008,"orthographic":true}