{"cameraMode":{"drawMode":0,"name":"Shaded","section":"Shading Mode"},"sceneLighting":false,"audioPlay":false,"sceneViewState":{"showFog":true,"showMaterialUpdate":false,"showSkybox":false,"showFlares":true,"showImageEffects":true,"showParticleSystems":true,"showVisualEffectGraphs":true,"m_FxEnabled":true},"in2DMode":false,"pivot":{"x":0.000028133392333984375,"y":0.570709228515625,"z":0.5845771431922913},"rotation":{"x":0.016834434121847154,"y":-0.9833623170852661,"z":0.12094173580408097,"w":0.13532721996307374},"size":2.2282586097717287,"orthographic":true}