{"cameraMode":{"drawMode":0,"name":"Shaded","section":"Shading Mode"},"sceneLighting":false,"audioPlay":false,"sceneViewState":{"showFog":true,"showMaterialUpdate":false,"showSkybox":false,"showFlares":true,"showImageEffects":true,"showParticleSystems":true,"showVisualEffectGraphs":true,"m_FxEnabled":true},"in2DMode":false,"pivot":{"x":56.41999816894531,"y":1.899999976158142,"z":15.549999237060547},"rotation":{"x":0.4384241998195648,"y":-0.018931671977043153,"z":0.009125852957367897,"w":0.8986395001411438},"size":4.704375267028809,"orthographic":true}