{"cameraMode":{"drawMode":0,"name":"Shaded","section":"Shading Mode"},"sceneLighting":false,"audioPlay":false,"sceneViewState":{"showFog":true,"showMaterialUpdate":false,"showSkybox":false,"showFlares":true,"showImageEffects":true,"showParticleSystems":true,"showVisualEffectGraphs":true,"m_FxEnabled":true},"in2DMode":false,"pivot":{"x":0.000028133392333984375,"y":0.570709228515625,"z":0.5845771431922913},"rotation":{"x":-0.04621725529432297,"y":0.9473788738250732,"z":-0.15949849784374238,"w":-0.2741396427154541},"size":3.075685501098633,"orthographic":false}