{"cameraMode":{"drawMode":0,"name":"Shaded","section":"Shading Mode"},"sceneLighting":false,"audioPlay":false,"sceneViewState":{"showFog":true,"showMaterialUpdate":false,"showSkybox":false,"showFlares":true,"showImageEffects":true,"showParticleSystems":true,"showVisualEffectGraphs":true,"m_FxEnabled":true},"in2DMode":false,"pivot":{"x":0.000028133392333984375,"y":0.570709228515625,"z":0.5845771431922913},"rotation":{"x":-0.0003548092790879309,"y":0.994263231754303,"z":-0.10811248421669007,"w":-0.0026606174651533367},"size":3.075685501098633,"orthographic":false}