{"cameraMode":{"drawMode":0,"name":"Shaded","section":"Shading Mode"},"sceneLighting":false,"audioPlay":false,"sceneViewState":{"showFog":true,"showMaterialUpdate":false,"showSkybox":false,"showFlares":true,"showImageEffects":true,"showParticleSystems":true,"showVisualEffectGraphs":true,"m_FxEnabled":true},"in2DMode":false,"pivot":{"x":27.059080123901368,"y":33.80363464355469,"z":50.75883483886719},"rotation":{"x":0.09834768623113632,"y":0.5095016360282898,"z":-0.058946408331394199,"w":0.8529356122016907},"size":17.796464920043947,"orthographic":true}